<?xml version="1.0" encoding="UTF-8"?>
<project name="PCompiler" default="initCUP" basedir=".">
	<description>
    	A build file for Shahriar Tajbakhsh and Michael Detmold's P Programming Language Compiler Project.
	</description>
	
	<!-- set global properties for this build -->
	<property name="compiler"  location="src/compiler"/>
	<property name="rawfiles"  location="rawfiles"/>
	<property name="lib" location="lib"/>
	<property name="bin" location="bin"/>
	<property name="testfiles" location="testfiles"/>

	<target name="initLex" description="Generate lexer java file from lex file and place it under src/compiler">
		<java classname="JLex.Main">
			<arg value="${rawfiles}/PLexer.lex"/>
			<classpath>
				<pathelement location="${basedir}"/>
				<pathelement path="${java.class.path}"/>
			</classpath>
		</java>
		<move file="${rawfiles}/PLexer.lex.java" todir="${compiler}"/>
	</target>
	
	<target name="initCUP" description="Generate sym.java and parser.java from cup file and place them under src/compiler" depends="initLex">
		<java jar="${lib}/java-cup-11a.jar" fork="true">
			<arg value="${rawfiles}/PParser.cup"/>
			<classpath>
				<pathelement location="${basedir}"/>
				<pathelement path="${java.class.path}"/>
			</classpath>
		</java>
		<move todir="${compiler}">
			<filelist dir="${basedir}">
				<file name="parser.java"/>
				<file name="sym.java"/>
			</filelist>
		</move>
	</target>
</project>



  